txn_id,txn_dt,type,amt,acct_no,branch,channel
T1001,01/04/2026,DEBIT,10439.98,AC100896,CBE02,MOBILE
T1002,01/04/2026,Debit,11308.67,AC101259,CHN01,UPI
T1003,01/04/2026,CREDIT,5764.47,AC100607 ,CBE01,UPI
T1004,01/04/2026,DR,13203.61,AC100588,CHN03,UPI
T1005,01/04/2026,DEBIT,49161.76,AC100354,chn01,MOBILE
T1006,01/04/2026,CREDIT,,AC100841,TRY01,UPI
T1007,01/04/2026,REFUND,-450.0,AC101425,CHN02,MOBILE
T1008,01/04/2026,credit,2113.79,AC100910,CHN02,MOBILE
T1009,01/04/2026,DEBIT,1369.66,,CBE02,MOBILE
T1010,01/04/2026,debit,1308.91,AC100956,ZZZ01,ATM
T1004,01/04/2026,DR,13203.61,AC100588,CHN03,UPI
T1011,01/04/2026,CR,7912.23,AC100490,CBE01,UPI
T1012,01/04/2026,debit,2031.54,AC100142,CHN04,UPI
